{
    "8": {
        "green": 2,
        "red": 5,
        "timestamp": 1766412283.3459017
    },
    "9": {
        "green": 1,
        "red": 3,
        "timestamp": 1766410662.7141016
    }
}